SH01Ex ,SH01Ex2,SH01Ex3,SH01Tr ,SH01Tr2,SH01Tr3,SH01Fu,SH01Fu2,SH02Ex,SH02Ex2,SH02Tr2,SH02Fu,SH03Ex,SH03Ex2,SH03Ex3,SH03Ex4,SH03Tr2,SH03Tr3,SH03Fu,SH03Fu2,SH03Fu3,SH03Fu4,SH05Ex,SH05Ex2,SH05Tr,SH05Tr2,SH05Fu,SH05Fu2,SH06Ex,SH06Tr,SH06Fu,SH07Ex,SH07Ex2,SH07Tr,SH07Tr2,SH07Fu,SH07Fu2,SH08Ex,SH08Ex2,SH08Tr2,SH08Tr,SH08Fu,SH09Ex,SH09Ex2,SH09Ex3,SH09Tr,SH09Tr2,SH09Fu,SH09Fu2,SH09Fu3,SH10Ex2,SH10Ex3,SH10Tr2,SH10Tr3,SH10Fu2,SH10Fu3,SH11Ex,SH11Ex2,SH11Ex3,SH11Tr,SH11Tr2,SH11Tr3,SH11Fu,SH11Fu2,SH11Fu3,SH12Ex,SH12Ex2,SH12Ex3,SH12Ex4,SH12Tr,SH12Tr2,SH12Fu2,SH12Fu3,SH12Fu4,SH13Ex,SH13Tr,SH13Fu,SH14Ex,SH14Fu,SH15Ex,SH15Ex2,SH15Tr,SH15Fu,SH15Fu2,SH16Ex,SH16Tr,SH16Fu,SH33Ex,SH33Tr,SH34Ex,SH34Fu,SH34Ex2,SH34Ex3,SH34Tr2,SH34Tr3,SH34Fu2,SH34Fu3,SH38Ex2,SH38Tr2,SH38Fu2,SH38Ex3,SH38Fu3,SH39Ex,SH39Fu,SH42Ex,SH42Tr,SH42Fu,SH43Ex,SH43Tr,SH44Ex,SH44Tr,SH44Fu
43,7019,0,31,1199,0,869,1459,631,0,527702,201,211,750,3846,0,73314,7238,7163,15194,96094,13836,0,66,0,0,0,0,164,34267,155,2561,86037,56922,0,24771,7898,371,3050,2636,0,4340,175,16,626,1778,0,3626,0,114,371,0,0,0,37,117,2437,12791,188,0,0,31929,7972,64929,18946,0,0,0,459,0,5801,0,89,0,0,1363,113,628,1040,4963,754,7399,228,0,301,0,0,0,27,0,0,0,50,0,14294,0,0,0,126,0,262,0,2047,1417,779,5086,0,290,0,24,8888,130
3,0,0,0,0,17,0,7,6,0,0,2,0,1957,0,0,0,0,0,14,11,85,0,0,8,1,0,0,3,0,0,0,0,0,0,0,4,0,0,0,0,0,0,0,0,0,0,0,0,0,0,8823,0,14352,0,20658,0,0,0,0,0,11,0,0,0,0,13186,9376,11505,0,14083,15675,15428,12587,0,42,0,0,0,0,0,0,0,0,0,0,0,0,0,0,0,0,0,0,0,0,7,0,0,0,0,0,0,0,4618,7713,17342,21011,14013,14911,20367,19872
64,8811,0,27,0,0,1217,946,30,0,187,27,0,178,141,0,795,0,676,515,553,0,0,0,0,0,0,0,100,0,118,996,13166,75,0,15976,30135,0,0,0,0,0,717,0,0,0,0,1645,0,0,43,0,0,0,0,0,32,0,0,0,0,0,379,0,183432,0,0,0,0,0,0,0,0,0,0,0,0,235,27,0,0,0,0,0,0,0,0,0,0,0,0,0,0,0,0,0,0,0,0,0,0,0,74,58,0,0,0,0,0,0,0,0
4382,6223,0,10,0,91,644692,88991,151,0,12715,215,0,0,0,0,572,378,9392,2511,428241,4229,0,0,0,0,0,1408,2705,13798,66562,2993,3881,884,0,16142,972,81,1879,821,12251,9942,113,0,8180,1715,853,1121,60,3435,1872,0,0,538,0,0,360,30738,0,0,952,10772,192,34627,0,0,0,0,179,0,65,0,22,6,0,537,634,6783,5641,0,164,3161,1008,1645,77,0,200,0,0,345,525,0,35,2065,1348,6,951,128,525,2,0,0,271,920,942,67259,2262,179,0,2569,0,1540
441,96823,0,0,0,0,1134,8414,0,0,1339,466,0,328,294,0,34960,7350,8442,13392,38135,9981,0,0,0,0,0,0,178,56,217,0,5000,0,0,3108,20224,324,3886,4391,389,18644,0,0,891,0,0,3103,23,178,3862,0,0,0,0,0,250,0,0,0,0,0,344,10946,0,0,0,0,0,0,0,0,0,0,0,0,141,1994,454,4631,365,508,12668,10731,0,0,1153,1115,0,0,2000,0,0,0,0,0,414,0,0,0,0,0,12103,4955,51,4503,0,0,0,0,0,0
422,5056,0,43,34871,0,973,473,90,1,12231,4027,0,118,78,0,1369,331,3099,14357,6079,2386,0,6,0,0,0,0,38,26,77,0,11021,0,0,9353,9106,24,747,101,52,1824,249,0,631,176,4002,6722,22,291,344,0,0,11,16,0,780,1652,16,37,0,311,360,1559,22596,0,0,0,0,0,0,0,0,0,11,0,34,405,107,5857,1155,410,8660,1015,25,0,70,134,0,582,801,641,190,0,0,11,601,0,12,0,0,0,584,201,149,1723,0,0,0,42,0,49
4370,18241,0,98,158,0,4436,80785,409,0,15351,8191,50,330,905,0,253373,75494,44892,13262,89735,77173,137,276,0,0,119,411,4457,498,1683,5400,25317,0,0,17827,7901,0,632,0,1598,8920,2208,0,9071,0,0,12703,227,1244,7310,0,0,0,675,3040,2131,5168,306,585,1966,786,3777,35381,30537,249,0,351,1044,0,0,0,167,503,196,0,235,11756,3046,11988,1985,995,13286,162166,286,0,0,14828,0,9075,4100,0,1004,0,0,0,4032,0,291,0,0,0,3264,1126,128,30006,0,366,0,200,0,537
257,549,0,99,0,0,73,60,32,0,954,63,0,0,0,0,0,22,0,0,17,12,38,286,127,774,206,141,119,610,47142,0,0,0,0,1069,48,129,30,0,0,2920,0,0,105,0,253,52,0,80,0,0,0,0,0,0,4,0,0,0,0,0,372,0,0,0,0,0,0,0,130,0,0,0,0,0,0,0,0,0,0,39,14,0,0,0,0,46,0,0,0,0,0,0,0,0,0,0,0,0,0,0,0,1872,1,0,0,0,0,0,0,0
0,0,0,0,0,0,0,0,281,0,0,0,0,0,0,0,0,0,0,0,6,0,0,0,0,0,0,0,23,0,0,0,0,0,0,0,0,0,0,0,0,0,0,0,0,0,0,0,0,0,0,0,0,0,0,0,0,0,0,0,0,0,0,0,0,0,0,0,0,0,0,0,0,0,0,0,0,0,0,0,0,0,0,0,0,0,0,0,0,0,0,0,0,0,0,0,0,0,0,0,0,0,0,0,0,0,0,0,0,31,0,19378
0,0,0,0,0,589,0,0,0,0,0,0,0,0,0,0,0,0,0,0,0,77068,0,20,0,49,0,43,0,0,0,0,0,0,0,0,0,0,0,0,0,0,0,0,0,0,0,0,0,0,12,0,0,0,145,0,0,0,0,0,0,0,0,0,0,0,0,0,0,0,0,1,0,0,0,0,0,0,0,0,0,0,0,0,0,0,0,0,0,0,0,0,0,0,0,0,0,135,30,0,0,342,10,18,0,2,2,0,0,0,0,0
754,37136,0,0,0,0,66194,89633,121,0,56779,6279,0,1790,141,0,18692,13333,2676,17041,23688,17511,0,108,195,0,157,24,8622,47311,77510,0,2006,0,0,1054,697,0,379,3665,0,463,723,109,4008,4779,152,2760,0,1470,0,0,0,0,0,0,0,0,0,0,0,128747,0,2043,0,0,0,0,216,16,5206,0,0,78,0,0,932,1610,699,0,0,2727,424,24551,6409,0,3006,0,0,0,0,0,0,16044,40934,0,3958,0,221,225,281,0,65,3770,1205,20256,0,10885,0,24,3938,37388
0,0,0,0,0,0,0,31,0,0,0,0,0,0,0,0,0,0,0,0,0,0,0,0,0,0,0,413502,0,0,0,0,0,0,0,0,0,0,0,0,0,0,0,0,0,0,0,0,0,0,0,0,0,0,0,0,13,0,0,0,0,0,0,0,0,0,0,0,0,0,0,0,0,0,0,0,0,383,21,0,0,0,0,0,0,0,0,0,0,0,0,0,0,0,0,0,0,0,0,0,0,0,0,0,0,0,0,0,0,0,0,0
0,60,0,0,24495,76,0,5,0,0,237,0,0,462,0,0,0,0,0,257,142,16,0,0,0,0,0,0,0,0,0,0,0,39,617,0,0,0,0,0,1780,0,0,0,0,0,0,19,0,0,0,0,638,843,0,0,0,0,0,0,0,38,0,0,8948,0,0,0,0,0,0,0,0,0,0,76,524,0,0,0,0,0,0,0,16041,450,1331,0,37,0,0,0,0,0,119,0,0,0,10,0,0,0,0,0,0,0,792,0,0,198,0,5
0,0,0,0,0,0,0,0,0,0,0,0,0,0,0,0,0,0,0,0,0,0,0,0,0,0,0,0,0,0,0,0,0,0,0,0,0,0,0,0,0,0,0,0,0,0,0,0,0,0,0,0,0,0,0,0,0,0,0,0,0,0,0,0,0,0,0,0,0,0,0,0,0,0,0,0,0,0,0,0,0,0,0,0,0,0,0,0,0,0,0,0,0,0,0,0,0,0,0,0,0,0,0,0,0,0,0,0,0,0,0,0
368345,62355,1261516,154683,0,1636812,1015,782,0,0,0,0,0,0,0,0,0,0,0,0,0,0,0,0,0,0,0,0,0,6,0,0,0,0,0,0,0,0,0,0,0,0,0,0,0,0,0,0,0,0,0,0,0,0,0,0,370,0,0,0,0,0,861,0,0,0,0,0,0,0,0,0,0,0,0,0,0,0,0,0,1118,0,2511,0,0,0,0,848999,33319,0,0,0,0,0,0,0,0,0,0,0,0,0,0,0,0,0,0,0,0,0,0,0
4184,0,0,0,0,0,0,0,0,0,0,0,0,0,0,0,44,0,0,16,0,0,0,0,0,0,0,0,0,0,0,177102,51751,0,100,79944,38835,0,0,0,0,0,0,0,0,37,0,0,0,0,0,0,0,0,0,0,149105,3087,71562,10388,672599,43,254179,95593,16661,0,0,0,0,0,0,0,0,0,0,211,135,0,0,0,0,0,0,0,0,0,0,0,0,0,0,0,0,0,0,0,0,0,0,0,0,0,0,0,0,0,0,0,0,0,0,0
7999,0,27665,3093,0,34732,0,0,0,0,0,0,0,0,0,0,0,0,0,0,0,0,0,0,0,0,0,0,0,0,0,0,0,0,0,0,0,0,0,0,0,0,0,0,0,0,0,0,0,0,0,0,0,0,0,0,0,0,0,0,0,0,0,0,0,0,0,0,0,0,0,0,0,0,0,0,0,0,0,0,0,0,0,0,0,0,0,6544,277,0,0,0,0,0,0,0,0,0,0,0,0,0,0,0,0,0,0,0,0,0,0,0
275678,45713,1020853,101295,0,1218063,1116,926,0,0,0,0,0,0,0,0,0,0,0,0,0,0,0,0,0,0,0,0,0,0,0,0,0,0,0,0,0,0,0,0,0,0,0,0,0,0,0,0,0,0,0,0,0,0,0,0,194,0,0,0,0,0,0,0,0,0,0,0,0,0,0,0,0,0,0,0,0,0,0,0,539,0,1260,0,0,0,0,54367,2183,0,0,0,0,0,0,0,0,0,0,0,0,0,0,0,0,0,0,0,0,0,0,0
345,4462,0,0,139,0,2142,252,46,0,1068,0,0,0,0,0,4313,0,327,60,6024,181,0,0,0,0,0,0,187,29,53693,0,0,0,0,259,93,0,449,0,0,1369,0,0,1518,0,0,280,0,0,958,0,0,0,0,0,0,0,0,63,0,763,153,0,0,0,0,36,0,0,0,0,40,0,0,0,0,301,0,0,0,0,0,0,0,0,0,0,0,0,0,0,0,0,0,0,0,0,0,1255,0,0,0,466,100,3662,0,0,0,0,0,0
175,10702,0,0,0,0,47629,1087,523,0,11665,5088,0,0,155,0,14625,481,1748,498,1548,405,0,0,0,0,14,44,1792,6153,26533,1182,827,0,0,14054,1105,430,1564,68211,0,8222,783,0,1676,3761,377,7694,0,325,25817,0,0,0,0,57,174,2565,41,0,0,20,362,1503,7072,0,0,0,11,0,0,0,0,0,44,118,0,59,554,15937,4595,58788,7290,5957,0,0,1722,79598,25,679,0,0,405,0,0,253,0,13,147,0,10,0,777,1082,411,118,0,62,0,0,0,0
25,1467,0,0,0,0,1090,46,34,0,1549,169,0,0,0,0,9010,966,862,37,413,110,0,0,0,0,0,0,535,3584,1458,0,0,0,0,1498,137,172,1124,13689,0,3792,844,0,0,127,2246,3682,0,156,1038,0,0,0,0,0,74,0,0,0,0,0,0,0,0,0,0,0,0,0,0,0,0,0,0,0,0,24,74,0,241,8389,388,227,0,0,34,2714,0,0,0,0,0,0,0,0,99,0,0,0,0,0,437,1253,31,0,0,0,0,0,0,0
144,1407,0,0,0,0,1266,278,30,0,117,150,6,123,42,0,533,0,861,74,243,100,0,0,0,0,0,0,372,557,2151,0,0,0,0,3963,353,74,1812,3953,0,6890,0,0,2690,0,0,3648,0,1845,565,0,0,0,16,0,45,0,0,0,0,0,0,0,0,0,0,0,0,0,0,0,0,0,0,0,0,63,42,0,207,15487,298,330,0,0,0,4107,0,0,0,0,0,0,0,0,368,0,0,0,27,0,0,385,7,0,0,0,0,0,0,0
0,0,0,0,0,0,0,73,50,0,32,12,0,2311,0,0,0,0,0,23,6,108,0,0,0,1,0,0,0,0,0,0,0,0,0,0,0,0,0,0,0,0,0,0,0,0,0,0,0,0,0,7844,0,12380,13,14783,3,0,0,0,0,18,0,0,0,0,10468,8222,10114,0,11463,11938,11641,11117,0,73,0,0,0,0,0,0,0,0,0,0,0,0,21,0,0,0,0,0,0,0,0,0,0,0,0,0,0,0,6055,9020,13244,16053,13502,13169,14898,13870
0,0,0,0,0,0,0,0,0,0,0,0,0,56,0,0,0,0,0,0,0,0,0,0,5,0,3,0,0,0,0,0,0,0,0,0,0,0,0,0,0,0,0,0,0,0,0,0,0,0,0,0,0,0,0,0,190,0,0,0,0,0,0,0,0,0,0,0,0,0,0,0,0,0,0,0,0,0,0,0,0,0,91,57,0,0,0,0,0,0,0,0,0,0,0,0,0,0,0,0,0,0,0,0,18973,257,1145,0,0,0,0,0
0,0,0,0,0,0,0,2,0,0,0,0,13,0,0,0,0,0,12997,0,102,378,0,0,0,0,0,0,0,0,0,0,0,0,0,726,0,0,37,0,0,10080,0,0,0,0,0,0,0,0,0,0,0,0,0,0,0,0,0,0,0,0,0,56822,0,0,0,0,0,0,0,0,0,0,0,0,0,0,0,0,0,0,0,0,0,0,15,0,0,0,0,0,0,0,0,0,0,0,0,0,0,0,0,0,0,0,0,0,0,0,0,0
11,717,15,9,6113,44,960,256,23,75,194,40,17,970,53,172,24,113,63,152,271,620,0,45,73,46,7,28,62,100,247,0,0,81,0,43,41,10,0,0,156,31,143,0,60,1178,1867,106,0,37,34,280,296,103,27,175,11,0,56,111,0,10012,0,0,0,13,126,56,91,4,86,94,76,106,3,214,43,468,829,0,0,0,450,37,168,169,578,85,244,74,1453,1221,0,113,85,0,23,62,26,32,45,98,140,134,37,512,113,81,97,169,142,199
0,0,0,0,0,0,0,0,0,0,0,0,0,0,0,0,0,0,0,0,0,0,0,0,0,0,3,0,0,0,0,0,0,0,0,0,0,0,0,0,0,0,0,0,0,0,288,0,0,0,0,0,0,9,0,0,0,0,0,0,0,0,0,0,0,0,9,0,14,0,18,0,5,10,0,0,0,0,0,0,0,0,0,3985,11227,6293,926,193,21673,0,0,0,0,0,0,0,0,0,0,0,0,0,0,0,3,0,14,15,0,0,0,35
0,0,2,4,0,4628,0,0,0,0,0,0,0,0,0,0,31,0,15,0,0,0,6,241,0,69,21,529,0,0,0,24,0,3,0,33,114,0,0,0,0,0,33,0,0,0,0,9,2,42,40,0,0,2,234,0,128,0,36,0,0,0,86,45,0,0,6,0,57,19,1052,0,10,0,0,0,0,0,0,62,0,0,2,0,0,0,0,0,625,0,0,0,0,0,0,0,0,0,0,29,33,0,59,27,0,0,0,0,1,4516,0,6
5066,3425,27,4633,200,683,554,2659,4280,9269,2939,8031,2295,1066,2867,2364,23,110,1307,353,64,250,3859,987,2809,2645,5119,825,6289,191,63,2261,556,627,4205,3020,773,3865,3092,2003,522,1411,2215,3929,9197,528,159,6234,3923,2755,336,1260,1984,607,1331,463,1690,0,7783,3761,1318,280,842,0,0,2535,1000,1734,1278,2054,1268,366,798,626,297,478,1423,12,4708,4804,1475,893,5583,438,7062,331,140,2127,4196,1411,1889,6983,4656,3303,5566,2874,2066,1842,1056,150,1081,1215,347,1495,7,383,835,60,0,366,824,11
2257,644,0,0,1667,0,955,1033,0,0,785,0,0,0,28,0,247,309,295,4569,3435,206,0,0,0,0,0,0,550,594,86142,0,0,0,0,89,148,0,62,0,0,170,0,0,0,491,1068,350,0,105,0,0,0,0,0,0,34,3876,32,0,0,0,24,0,0,0,0,0,0,0,0,0,0,0,0,0,0,204,257,0,0,0,36,0,0,0,0,0,0,0,0,0,0,0,0,0,466,0,246,0,11,0,0,695,0,108,252,21,0,0,0,0
4144,466,0,0,0,0,261115,193,10,0,0,0,0,0,63,0,26,0,3852,4465,4714,5662,0,0,0,0,0,0,121,15,5425,2742,4242,0,0,5217,1403,0,83,0,0,503,87,0,262,0,0,120,0,0,5300,0,0,0,18,0,107,0,6,0,0,71,89,0,0,0,0,0,0,0,0,0,0,0,0,0,0,165,57,0,0,579,1977,0,0,0,0,0,0,0,0,0,0,0,0,0,0,0,52,0,0,0,219,1685,16,455,0,0,0,0,0,0
1195,2407,0,0,1665,0,10871,7381,9,0,259,181,0,1294,176,0,1527,0,34622,100099,61838,22901,1321,110,0,0,0,595,86585,0,3102,18132,34168,0,0,193327,94343,3015,27517,601,0,61485,2821,0,6589,0,0,59031,1545,3802,109366,0,0,0,4286,2580,7023,84921,147,0,0,350,26170,89397,83784,842,988,525,4305,0,0,0,478,478,146,80,0,6618,1611,79797,532,0,24148,0,57,0,0,20826,0,0,377,0,2001,0,0,0,0,33,0,0,0,0,3685,14217,288,2077,0,0,0,0,0,4293
12520,71982,0,0,0,0,11553,53134,67,0,0,0,0,133,172,0,1055,0,25610,15242,14925,55850,102,0,0,0,0,0,8696,0,4773,43578,26602,0,0,27048,25837,172,11100,24255,0,7377,2774,0,7768,0,1281,1102,93,496,44517,0,0,0,2725,539,1050,31768,68,0,0,1253,12002,90011,108506,185,111,166,5314,0,0,0,998,141,0,191,62,34309,20115,8846,15055,0,68528,0,0,0,0,494,0,0,0,0,11608,0,0,0,1116,27,48,0,41,0,5493,10370,473,12905,0,347,0,0,0,0
11677,10156,0,9213,0,0,0,6730,7054,10974,6607,7077,5716,0,8516,0,0,0,4365,0,0,3379,4407,6869,9094,6810,5452,0,5884,5979,0,0,0,0,6067,0,4039,6489,0,0,0,3145,0,4778,0,0,0,5597,4921,0,0,0,0,3171,3966,0,2289,0,9665,5011,0,0,0,0,0,5989,0,3063,3227,7348,3001,2920,0,0,4403,1645,4454,0,3273,0,0,4750,5508,0,9472,0,0,0,11685,0,0,0,0,0,0,7132,0,13047,6000,0,1486,0,0,2626,0,2328,3174,0,0,0,0,0
5255,130012,0,14203,5747,0,106600,46294,203,0,115412,0,12,18580,18943,0,189528,270291,24589,28897,161095,157832,1156,178,0,0,0,482,6733,62431,13505,8327,22030,86,0,26892,9145,413,37153,20214,0,8211,13701,258,9089,153292,1775,5475,249,2815,33526,0,0,0,3244,1092,3793,39934,330,848,11735,99833,16142,44030,535806,323,292,376,10614,0,2306,0,1556,459,114,382,12795,98293,46797,33245,25161,6684,8049,0,1626,0,4659,0,47,0,4736,9650,3149,45379,85076,59,10409,0,338,0,127,50,5118,6153,8436,94952,0,335,0,0,0,24444
88,1133,0,0,0,0,1917,1895,0,0,3910,351,0,711,0,0,2846,2029,25577,7292,24775,7832,78,58,0,0,0,92,4954,1096,474,571,2526,0,0,3045,1757,44,6287,474,186,57493,635,0,571,2725,0,1975,57,570,6211,0,0,0,190,95,1472,37446,167,330,0,798,6101,26503,62044,0,0,41,343,0,136,0,37,37,0,147,0,1625,572,18637,683,477,962,0,1052,0,440,1059,0,224,334,0,106,551,0,0,731,0,0,0,0,0,648,6233,129,2171,626,0,0,36,0,391
698897,12900,0,5494,341,0,18826,78476,206,0,0,554,443,0,21234,19492,0,0,1641,2800,12620,709,0,0,0,0,0,0,10828,0,4010,0,0,0,0,13388,0,0,574,0,0,23994,0,0,928,0,0,1905,0,0,9971,0,0,0,420,0,2620,0,239,252,0,324,532,0,0,0,0,0,475,0,0,0,0,0,0,0,0,947,0,0,12,0,0,0,0,0,0,0,0,0,0,0,0,0,0,0,0,0,0,0,0,0,1083,17288,505,813,6,0,0,0,0,0
5926,233,0,0,0,0,17219,898,51,0,0,0,0,0,126,0,0,0,2176,1721,111455,524,0,0,0,0,0,0,5883,0,3481,0,0,0,0,12037,0,33,622,0,0,13145,0,0,574,0,0,877,0,0,9419,0,0,0,182,0,116,0,0,0,0,269,369,1186,0,0,0,0,375,0,0,0,189,0,0,0,0,780,620,0,0,0,0,0,0,0,0,0,0,0,0,0,0,0,0,0,0,0,0,0,0,0,0,2705,207,783,0,0,0,0,0,0
1722,0,0,0,0,0,22,616,2331,4966,1817,2325,0,0,0,0,0,0,0,0,0,0,0,0,3119,2142,3941,0,2554,0,0,0,0,0,0,0,0,1917,2393,0,0,0,0,0,0,0,0,0,0,0,0,0,0,0,0,0,1096,0,4910,0,0,0,0,0,0,0,0,0,0,0,0,0,0,0,677,0,1223,0,0,0,0,0,0,0,3670,0,0,0,2894,0,0,0,0,0,0,0,0,0,0,0,0,0,0,1431,0,0,0,0,0,0,0,0
3382,0,0,0,0,0,0,1403,3086,6285,3128,3436,0,0,0,0,0,0,0,0,0,0,0,0,0,2532,0,0,5000,171,0,0,0,0,0,0,0,0,0,0,0,0,0,0,0,0,0,0,0,0,0,0,0,0,0,0,1442,0,0,0,0,0,0,0,0,0,0,0,0,0,0,0,0,0,0,0,1408,0,0,0,0,0,0,0,0,0,0,0,0,0,0,0,0,0,0,0,0,0,0,0,0,0,0,1547,0,0,0,0,0,0,0,0
24,301,0,0,0,0,14,43,106,0,0,283,0,0,0,0,0,0,1747,25,139,19,0,0,0,0,0,0,168,0,185,0,0,0,0,1790,22,10,0,0,0,3916,0,0,124,0,0,1404,63,24,0,0,0,0,31,0,42,0,114,0,13410,38,147,0,0,172,0,0,0,0,0,0,0,0,0,0,86,73,63,0,0,0,235,0,0,0,0,0,0,0,0,0,0,0,0,0,0,0,0,0,19,0,64,57,1,0,0,0,0,0,0,0
1553,11461,0,0,34,0,109291,3417,92,0,3335,0,0,32,31,0,387,0,2181,6235,6558,47281,0,139,21,10,36,90,4692,73,22307,0,4022,0,0,7956,4458,28,1323,0,0,8362,1068,0,2474,0,0,3682,0,448,5506,0,0,0,0,0,476,0,0,0,0,397,276,0,2586,0,0,0,977,0,0,0,170,0,0,0,0,679,536,0,590,0,1454,0,153,0,208,7058,0,0,0,366,0,0,0,170,0,0,155,0,0,0,2948,2130,80,7451,0,1255,0,0,0,0
0,0,0,0,0,0,94,71,0,0,9,0,0,0,0,0,0,0,0,0,23,14,0,0,0,0,74,0,3,0,0,0,0,0,0,0,0,0,0,0,86,0,0,0,0,0,0,5,0,0,0,0,0,2,0,0,0,0,0,0,0,80,0,0,0,0,3,6,22,4,60,5,21,8,0,0,243,0,0,0,0,0,0,0,0,0,0,0,0,0,0,0,0,0,0,0,0,0,0,0,0,0,0,0,2,14,12,14,0,58932,57,8445
0,0,0,0,0,0,0,0,0,0,0,0,0,0,0,0,0,0,0,0,0,0,0,0,0,0,0,0,0,0,0,0,0,0,0,230,0,0,0,0,72,0,0,0,0,0,0,200,0,0,0,0,0,0,0,0,0,0,0,0,0,0,0,0,0,0,0,0,0,13,0,0,0,0,0,0,14,0,0,0,0,0,0,0,0,0,0,0,0,0,0,0,0,0,0,0,0,0,0,0,0,0,0,0,0,0,0,0,0,74160,0,6576
0,0,0,0,5,0,0,0,0,0,0,4,0,0,0,0,0,0,0,0,0,0,0,0,0,0,0,0,0,0,0,0,0,0,0,0,0,0,0,0,0,0,0,0,0,0,0,0,0,0,0,0,0,0,0,0,0,0,0,0,0,0,0,0,0,0,0,0,0,0,0,0,0,0,0,0,0,0,0,0,0,0,0,0,23224,672,2865,0,0,0,0,0,0,0,0,0,0,0,0,0,0,0,0,0,0,0,0,0,0,9342,0,0
0,8,0,3,778,0,0,6,3,0,0,508,0,0,16,0,0,1270,0,0,8,0,0,0,0,0,10,37,0,0,73,0,0,14,136,14,26,0,30,0,0,0,0,0,0,0,0,0,0,0,53,0,0,0,0,0,14,0,0,0,0,0,0,0,0,0,0,0,0,22,1118,1,0,0,0,16,1619,17,44,0,0,0,0,38,46982,49,546,0,0,0,0,0,0,0,0,0,0,0,0,0,0,0,0,0,0,0,293,0,0,24029,1441,120
132,0,0,304,0,0,17,0,422,0,39,74,0,0,54,0,0,0,33910,2829,11468,1785,0,0,0,0,0,0,0,0,46,0,0,13,0,6942,213,0,3132,0,0,44523,0,0,2477,0,0,3796,0,393,0,0,1372,0,161,0,8395,0,505,0,0,28,1328,6370,7787,0,0,0,0,0,0,0,0,0,14,263,0,801,258,2028,0,160,0,0,0,0,0,0,0,0,0,0,0,0,0,0,0,23,20,8876,172,0,16,172,0,0,0,0,0,0,0,0
0,0,0,0,0,0,0,0,0,0,10,0,0,0,0,0,0,80447,0,0,0,0,0,0,0,0,0,0,0,0,0,0,0,0,0,0,0,0,0,0,0,0,0,0,0,0,0,0,0,0,0,0,102,0,0,0,0,0,0,0,0,0,0,0,0,0,0,0,0,0,0,0,0,0,0,0,0,0,0,0,0,0,0,0,0,0,0,0,0,0,0,0,0,0,0,0,0,0,0,0,0,0,0,0,0,0,0,0,0,0,0,0
0,0,0,0,0,0,0,0,0,0,0,0,0,0,0,0,0,0,0,0,0,0,0,0,0,0,0,0,0,0,0,0,0,0,0,0,0,0,0,0,0,0,0,0,0,0,0,0,0,0,0,0,0,0,0,0,0,0,0,0,0,0,0,0,0,0,0,0,0,0,0,0,0,0,0,0,31070,0,0,0,0,0,0,0,0,0,0,0,0,0,0,0,0,0,0,0,0,0,0,0,0,0,0,0,0,7,0,0,0,30,0,0
987,254,0,0,0,0,5676,3313,0,0,12366,30,0,0,0,0,284,248,719,1472,582,1444,0,0,0,0,0,0,64,723,277686,0,0,0,0,75,39,0,95,0,67,122,0,0,1429,210,174,91,0,131,124,0,0,0,0,0,16,0,0,0,0,3254,0,0,0,0,0,0,0,0,0,0,0,0,0,259,0,246,92,0,0,30,38,0,48,0,151,0,0,0,0,0,0,0,0,0,97,0,15,0,0,0,60,642,466,5342,22,80,0,14,0,143
0,0,0,0,0,0,0,0,0,0,0,0,0,0,0,0,0,0,11753,0,0,97,0,0,0,0,0,0,0,0,0,0,0,0,0,990,0,0,2232,0,0,145675,0,0,0,0,0,0,0,0,0,0,0,0,0,0,0,0,0,0,0,0,0,0,0,0,0,0,0,0,0,0,0,0,0,0,0,0,0,0,0,0,0,0,0,0,0,0,0,0,0,0,0,0,0,0,0,0,0,0,0,0,0,157,0,0,0,0,0,0,0,0
0,0,0,0,0,0,0,14,0,4,4,0,0,0,0,691,1,0,43115,0,0,0,0,0,0,0,0,0,0,0,3,0,0,0,0,0,0,0,15,0,0,722,0,0,0,0,0,0,0,0,0,0,0,0,0,0,2,0,0,0,0,0,0,0,0,0,0,0,0,0,0,0,0,0,0,0,0,0,0,0,0,0,0,0,0,0,0,0,0,0,0,0,0,0,0,0,0,0,0,0,0,0,0,14194,0,0,0,0,0,0,0,0
0,0,23,0,0,0,2967,0,0,0,0,0,0,0,0,0,0,0,11320,1263,6484,0,0,0,0,0,0,0,1040,0,2009,25739,0,0,0,1283,154,0,0,0,0,4058,0,0,0,0,0,230,0,0,7315,0,0,0,0,0,33,0,297,0,0,0,1049,0,0,0,0,0,0,0,0,0,0,0,0,0,0,39,0,0,0,0,0,0,0,0,0,0,0,0,0,0,0,0,0,0,0,0,0,0,0,0,0,385,0,0,0,0,0,0,0,0
3243,1503,0,0,0,0,219552,620,936,0,30,385,0,0,0,296,0,0,312521,8966,312755,934,0,26,0,0,0,272,43772,113,114530,326235,42424,0,0,60687,2023,539,11101,0,0,84877,1341,0,5372,0,0,6396,0,1399,180925,0,0,0,397,0,2619,0,12051,0,0,706,28756,15039,21407,0,0,0,191,0,0,0,214,0,61,265,0,712,1812,2386,0,10,320,0,262,0,0,0,0,0,0,0,0,0,0,0,0,259,33,1338,462,68,3135,15732,4682,3605,0,0,0,0,0,0
15654,10937,0,13081,736,2905,193,8217,25859,43340,20686,40580,21496,12318,29858,20361,296,1466,10578,2657,95,1158,26019,9119,24912,21126,44882,7691,31140,1060,0,8392,0,2023,15423,9330,3106,16752,24701,9699,3657,8769,10043,17037,42628,2462,473,32302,17042,12526,2369,7000,10900,3440,10715,3170,9401,0,35847,18463,8272,1192,4039,0,0,8540,4723,7604,5052,8154,5547,1282,3354,3004,2489,3076,11687,53,19783,30505,12360,9080,35016,2921,43440,0,423,12218,19959,9028,11330,24041,32996,16689,25277,17053,15820,18908,9668,1261,10539,12758,1387,7816,0,833,2866,280,0,3573,7534,0
1279,2010,0,0,0,0,57879,3544,33,0,0,0,0,0,0,0,3432,1437,1773,19183,30687,13226,0,0,0,10,0,0,1471,387,53542,0,1573,0,0,283,103,0,140,577,33,572,0,0,449,0,0,275,0,0,339,0,0,0,0,0,29,0,6,0,0,97,83,0,0,0,0,0,171,0,0,0,0,0,0,0,0,693,962,0,13,0,1085,0,0,0,0,0,0,0,0,0,97,0,0,0,53,0,0,0,0,0,504,7725,15,382,0,687,0,12,0,291
3062,26322,0,0,0,0,55526,31362,616,0,35,0,0,177,525,0,86009,34639,24517,191641,11487,126569,0,0,0,0,0,0,6544,6836,37088,1172,10775,0,0,5537,1240,144,1741,9637,0,8275,4905,0,6645,0,0,2116,0,176,1976,0,0,0,163,170,191,0,0,0,0,113,202,1174,13817,8,0,33,1216,0,0,0,0,0,0,58,0,4093,768,1272,0,0,18648,0,0,0,0,106,0,275,190,0,1826,0,0,0,1649,0,51,0,130,0,1927,1496,243,2820,0,16067,0,0,0,0
0,126,0,0,0,0,0,0,0,0,0,0,0,0,0,0,0,0,0,0,0,0,0,0,0,0,0,0,0,0,0,0,0,6,0,108,43,0,0,0,0,0,0,0,0,0,0,3,0,0,0,0,0,0,0,0,0,0,0,0,0,0,0,0,0,0,0,0,0,0,0,0,0,0,0,0,0,0,0,0,0,87,14,238,0,0,0,0,0,0,0,0,0,0,0,0,0,0,0,0,0,0,0,0,16,20,5,0,0,45,0,23
618,5029,43,85,40,41,523,510,2,0,455,0,0,0,0,0,0,0,693,60,53,1016,2915,42340,18868,7284,21924,32001,0,0,234,1690,7000,160,61,7616,3465,0,4440,536,0,7980,352,0,3713,61,26,14824,0,5830,0,0,0,0,0,0,131,6909,5,116,0,0,996,263,11372,0,0,0,0,0,0,0,0,0,0,53,0,3645,1860,0,0,0,6,0,0,0,0,0,0,0,0,0,0,0,0,0,0,0,31,0,748,0,0,440,0,0,0,0,0,0,0,0
908,374,0,0,0,0,18472,369,26,0,67034,0,0,0,0,0,2248,4387,225,1959,1323,9010,14,197,50,32,87,158,541,6936,10699,0,0,11,0,1616,198,101,749,1153,0,3171,0,0,223,4092,0,270,0,27,0,0,0,0,0,0,30,0,0,0,0,6,318,0,0,0,0,0,0,0,0,0,0,0,0,0,0,380,193,0,363,538,4846,0,0,0,0,0,0,0,60,0,0,0,3485,0,10435,0,0,0,0,0,244,141,0,40,0,0,0,0,0,0
23590,900,0,0,0,0,59426,4623,0,0,78661,0,77,307,98,0,150653,22805,182470,2715,2089,2933,0,0,0,0,0,0,75538,292296,14974,89725,15374,0,0,74007,3804,24,6833,37412,0,64157,310,692,2352,262445,96877,6484,0,474,1352,0,0,1,10879,1005,2517,39361,1140,0,0,177257,24832,10139,14678,0,69,0,0,0,0,23,4,0,0,288,96,669,2658,7489,592,157304,81,66,3,0,67,16,0,74160,43,0,0,0,606,0,1380,0,52,0,472,219,26035,44683,289,338,0,65,0,0,0,0
0,0,0,0,0,0,0,1341,6810,0,5101,0,0,0,0,0,0,0,0,0,0,0,0,0,0,49105,0,0,8223,0,0,0,0,0,0,0,0,0,0,0,0,0,0,0,0,0,0,0,0,0,0,0,0,0,0,0,3546,0,0,0,0,0,0,0,0,0,0,0,0,0,0,0,0,0,0,0,0,0,0,0,0,0,0,0,0,0,0,255312,0,0,0,0,0,0,0,0,0,0,0,0,0,0,0,0,0,0,0,0,0,0,0,0
241,0,0,0,0,0,40,239,6225,0,2896,13358,0,0,0,0,77,512,0,211,20,24,0,134,65,396,65,85,69,439,2693,383,0,4,0,417,27,0,0,542,0,662,0,0,380,242,310,228,0,692,0,0,0,0,0,0,0,0,0,0,0,0,0,0,0,0,0,0,73,0,0,0,0,0,0,30,0,34,9,0,0,205,0,0,0,0,0,359,0,0,885,0,0,0,0,0,151,0,0,0,0,0,0,275,0,1725,0,0,0,0,0,0
135,46,0,0,0,0,143,114,78,0,3381,121,0,0,0,0,0,14,21,10,4,0,2190,8249,4592,23673,6764,4414,51,232,3844,0,0,0,0,764,13,5,74,182,0,84,0,0,65,0,307,41,0,37,0,0,0,0,0,0,0,0,0,0,0,0,0,0,0,0,0,0,18,0,59,0,17,7,0,7,0,83,36,0,0,512,0,14,0,0,0,468,0,216,308,0,0,0,0,0,56,0,0,0,0,0,0,61,0,70,0,0,0,8,0,0
2919,978,0,0,0,0,106,6166,150,0,1802,201,0,21,0,0,228,0,145,0,30,27,140,620,295,1576,437,264,998,7577,46969,0,0,0,0,820,0,0,512,0,0,1021,0,0,1384,3438,5250,68,0,251,0,0,0,0,0,0,0,0,0,0,0,0,0,0,0,0,0,0,277,0,1934,0,0,0,0,0,0,462,41,0,0,494,1409,0,0,0,0,2586,0,0,12532,1220,0,0,1289,0,1730,0,99,0,0,0,0,2432,0,29758,0,0,0,0,0,0
7860,912,0,0,25,0,3466,1868,771,14,62253,29,0,77,0,0,18310,438,661,152,430,422,29,0,0,0,0,0,1497,18302,88664,0,0,0,0,226,31,25,1823,894,240,3171,249,1074,13212,19315,33503,87,39,5938,162,0,0,0,26,83,4,0,0,0,0,199,0,0,11943,550,0,48,232,51,987,0,0,0,0,15,83,1762,437,0,44,2863,355,350,2324,0,666,853,0,11891,3733,343,0,0,391,59,499,0,36,0,19,0,367,17083,107,27644,0,0,0,0,2455,825
100,97,0,0,0,0,57,26,141,0,1232,86,0,0,0,266,76,547,1785,93,119,94,1329,8262,7534,27266,5457,4094,28,112,1442,0,0,0,0,102,108,17,0,0,0,218,0,0,258,0,72,143,0,694,0,0,0,0,0,0,0,0,0,0,0,0,0,0,0,0,0,0,0,0,44,0,0,0,0,12,0,18,0,0,0,676,0,0,0,0,0,161,0,0,208,0,0,0,31,24,51,0,12,2,0,0,0,106,0,339,0,0,0,0,0,0
148,57,0,5,0,0,115,79,552,0,1049,855,0,0,0,0,225,20,64,9,39,37,2543,7709,6001,42170,8664,4960,83,286,3800,0,0,0,0,389,52,18,144,518,0,955,0,12,233,189,1171,229,0,79,0,0,0,0,0,0,0,0,0,0,0,14,22,0,0,0,0,0,0,0,49,0,0,0,0,0,0,45,27,0,33,1039,88,0,0,0,0,171,0,159,0,0,0,0,0,0,132,0,0,0,23,0,20,123,0,1107,0,0,0,0,0,0
10415,353,0,0,0,0,2044,584,45,0,5859,17,0,35,0,0,575,253,983,116,158,728,0,116,78,376,109,69,512,3321,14273,4183,1913,0,0,10825,36,0,183,2029,76,2563,280,12,2766,223,534,63,27,183,64,0,0,0,0,0,76,0,30,0,0,49,32,0,0,23,28,0,0,5,574,7,10,0,0,19,0,81,67,0,299,8717,553,0,5,0,0,340,0,37270,554,2100,0,0,79,0,110,0,13,0,88,0,117,1924,4,674,0,0,0,2,0,0
716,80,0,15,15,0,165,166,16,0,15922,0,4,0,0,16728,29,148,357,171,14,89,60065,257053,137108,716437,196641,134284,77,421,1358,1315,565,0,0,712,85,6,0,324,37,1492,81,0,4784,139,729,4881,36,2733,0,0,0,0,0,0,14,0,14,0,0,14,0,0,27527,14,0,0,0,0,280,0,0,0,0,189,0,514,456,0,70,8301,239,0,30,0,0,6897,0,0,0,0,0,0,279,0,691,0,0,0,0,0,0,113,0,1442,0,0,0,280,0,12
339,395,0,6,6,0,20,91,124,0,2630,21,0,0,0,0,39,1484,159,76,60,45,501,1863,982,4990,1419,1002,82,297,48118,0,0,0,0,540,162,15,0,0,602,728,0,0,119,180,96,680,0,774,0,0,0,0,0,0,11,0,0,0,0,0,49,0,6600,66,0,0,0,0,123,0,0,0,0,0,0,91,177,0,0,2725,113,250,277,0,0,94,0,0,0,0,0,0,0,0,40,0,48,0,21,0,0,177,163,3606,0,0,0,153,0,0
9857,245,0,0,57,0,21853,1398,58,0,32941,84,0,0,11,0,378,3944,464,443,4182,1919,638,2147,1656,10599,2637,1346,3429,5280,267373,493,0,0,0,768,104,6,206,341,0,259,0,49,1981,859,2185,124,0,306,40,0,0,0,0,0,16,0,72,0,0,164,43,0,6536,0,0,0,95,0,392,0,22,0,0,0,0,475,641,0,110,3264,1619,79,46,0,74,165,0,1133,2405,242,62,84,210,28,1336,0,866,0,0,0,172,1782,14,2966,0,0,0,0,0,11
1062,384,0,0,8,0,285,5944,325,0,28315,38,4,36,0,0,1109,211,151,175,539,54,440,2258,1097,5855,1507,1090,690,3316,52724,0,0,0,0,181,595,1,236,283,0,839,98,277,4027,1923,5364,439,0,1261,100,0,0,0,6,103,5,0,42,9,0,1338,54,0,12380,235,102,33,141,0,10236,0,64,20,0,19,0,376,865,0,77,1979,173,632,675,0,0,4463,0,730,1131,0,0,0,183,0,178,18,232,0,6,0,180,1498,79,14265,0,0,0,0,0,73
19999,8301,0,0,84,0,1037,52542,384,0,11074,354,0,170,0,0,10029,147,1515,128,65,456,219,862,356,1778,461,295,7848,53306,283982,2337,1291,0,0,8155,662,48,4075,4427,0,7988,0,466,15272,29138,51033,302,91,1733,1546,0,0,0,348,1096,86,0,457,0,0,236,59,0,0,397,0,320,1458,0,15714,0,395,127,0,29,0,2911,168,0,136,3459,9525,5487,58,0,0,22125,0,1253,94778,8455,2476,2096,10086,1636,11165,0,408,0,86,0,971,16977,1088,224881,0,0,0,0,0,0
3534,681,0,0,0,0,789,2440,524,0,2954,562,0,281,0,0,409,42,480,168,55,76,177,757,349,2351,619,364,489,2240,49306,624,834,0,0,871,84,0,218,0,0,403,0,19,570,1282,2036,301,0,255,111,0,0,0,0,0,12,0,0,0,0,0,193,0,1928,31,0,0,170,0,860,0,0,0,0,0,0,649,208,0,40,376,912,618,22,0,0,1158,0,0,2333,0,0,0,0,0,334,0,33,0,0,0,511,10857,54,10567,0,0,0,9,0,27
3495,141,0,0,53,0,9,11,1988,58509,41906,23696,18042,74066,1435136,40988,17,188,311509,15345,15,2206,0,0,0,1,0,0,0,0,0,0,0,13,0,0,0,880,175832,12883,2815,19167,0,0,0,0,15,0,0,0,0,0,19,105,86703,82,26,0,0,82,0,89,0,0,0,32,26,12,12,0,16,29,17,20,24376,1814,449,4,0,50675,118520,13536,232152,159613,156,0,0,196,22,1746957,1346238,1061297,272163,541161,254836,383977,299117,10,0,3,0,0,0,0,1293892,15837,62087,22,0,24694,676,21
0,0,0,0,0,0,0,0,0,0,0,0,0,0,0,0,0,0,0,0,0,0,0,0,0,0,0,0,0,0,0,0,0,0,0,0,0,0,0,0,0,0,0,0,0,0,0,0,0,0,108,0,0,0,0,0,0,0,0,0,0,0,0,0,0,0,0,0,0,0,0,0,0,102,0,0,0,0,0,0,0,0,0,0,0,0,0,0,0,0,0,0,0,0,0,0,0,0,0,0,0,0,0,0,0,0,0,0,0,0,0,0
63,31190,0,8,129,0,1719,1823,287,0,86063,1561,5,156,74,0,9012,6212,593,4006,14533,5870,0,0,0,0,0,26,443,9988,114,0,172,0,0,3109,524,61,2052,7277,0,7164,129,0,746,1831,2301,12628,21,72,991,0,0,0,12,72,3,0,0,0,0,102,0,1282,0,0,0,0,0,0,0,0,0,0,0,0,14,170,155,0,273,1217,229,2585,0,0,0,3181,40,110,2020,498,102,518,4080,14,843,0,25,0,142,0,2429,1198,249,1328,763,76,0,20,0,56
0,0,2051,0,0,2946,0,2,0,224,202,28,41,119,933,0,0,0,0,10,0,12,0,185,0,21,8,48,0,0,0,0,0,0,0,0,0,0,0,0,0,0,0,6,0,0,0,0,0,0,60,0,162,58,65,116,0,0,60,0,0,620,0,0,0,0,40,23,64,0,55,77,65,75,0,0,0,0,0,0,10,0,0,0,60,3341,2246,1115,445,128,68,0,0,0,0,0,0,71,19,92,40,56,60,44,2650,59,308,111,152,36,107,237
130,0,801,104,0,1932,0,0,15,568,849,0,7,0,0,0,0,0,0,0,0,0,0,450,55,81,7,290,12,0,0,0,0,0,0,0,0,0,0,0,0,0,0,7,0,0,0,0,0,0,362,159,1112,427,298,540,0,0,475,0,0,2661,0,0,7967,0,221,152,403,0,249,471,399,364,0,0,0,0,0,0,5,0,0,0,285,18022,15698,1008,1865,530,334,0,0,0,0,0,0,368,137,607,320,373,401,309,93,168,510,499,855,252,565,1547
1377,0,0,5251,0,0,3905,0,2902,0,0,2697,3190,0,0,0,0,0,0,0,0,0,0,0,9335,0,6887,0,6927,5246,0,0,0,0,0,0,0,0,0,0,0,0,0,0,0,0,0,0,0,0,0,0,0,0,0,0,0,0,0,0,0,0,0,0,0,0,0,0,0,0,0,0,0,0,0,0,0,0,0,0,0,0,0,0,0,0,0,0,0,0,0,0,0,0,0,0,0,0,0,0,0,0,0,0,0,0,0,0,0,0,0,0
3009,83278,3,6720,238,0,46242,147819,1460,0,67207,13366,0,798,605,0,108238,332,78716,189436,253771,37832,231,1963,0,0,33,2527,2118,5471,1112,8356,3526,5991,0,12900,1162,1657,13760,7461,9949,30388,32853,10,3574,0,1640,70413,1411,2862,6709,0,0,0,144,1246,0,0,0,0,0,772,144,90800,0,106,32,60,750,0,2276,6,522,343,162,119,1636,19152,1270,3047,4631,1279,2910,334411,229322,565,205493,17380,46,19813,18372,853,1428,0,0,22,15848,0,0,0,0,0,10922,9969,1628,99754,330,695,0,71496,1061,3985
34263,349916,173,201,308,10843,973083,75840,6384,51,2547414,172023,242,110724,317590,0,2001455,477664,158217,6360513,813914,621377,123,160,0,4,0,855,474769,2267622,511477,86896,142850,2533234,0,424130,11079,740,52789,138624,1840137,264713,43497,1466,18211,1680664,756550,981791,523,6364,398800,274,0,0,4520,9332,24379,19891,4171,179,145896,369666,12875,21039,2055409,215,351,177,8802,0,5222,0,764,247,0,9684,69699,180191,60141,3879,9962,180108,7562,82637,1490638,0,1275670,100448,48157,38798,70208,6470,2689,135307,40220,604,52939,188,4557,0,285,0,76035,41598,16138,90706,217725,87399,0,919958,127139,57786
30222,13957,251,26989,892,5450,326,12051,22892,46476,23792,23583,28331,13010,26616,30073,472,1260,9745,2753,128,1604,19399,12944,28385,21099,41841,11919,33423,1044,0,11312,0,1743,25291,8440,2953,18995,25108,8914,3366,10054,9230,21034,42610,2107,601,30594,20704,11121,2928,11933,17337,6031,19410,5510,10727,0,36685,18784,8493,1000,4510,0,0,18640,9293,16426,11532,18894,9136,4025,7146,6082,6396,3561,12963,127,34557,33205,11305,11212,36156,2293,43768,1934,682,24294,43039,7611,11717,19279,26137,14750,22901,23491,13608,17726,10340,1755,9245,13718,1356,10405,0,1233,4264,327,0,4108,7486,0
12,6326,0,19,0,0,296,177,246,0,11283,4556,16,846,114,0,6622,8751,2595,5607,4661,5999,0,72,0,0,0,54,94,386,0,0,598,0,0,72,0,0,24,632,1649,134,0,0,0,0,403,0,0,46,0,0,0,0,0,0,0,0,0,0,0,0,0,0,0,0,0,0,0,0,0,0,0,0,0,0,88,335,333,500,527,9998,682,8389,166,0,147,12382,68,1778,10281,7730,3729,188,1408,0,1948,0,0,0,2,0,0,34,2052,2545,361,0,0,2597,7045,28571
13317,189492,0,0,0,0,38402,304529,8119,0,1155742,11050,0,838,760,0,40832,9192,54461,49928,96627,161629,0,0,0,1,0,0,17447,41821,220728,24929,83229,83004,0,39276,16390,124,7718,29406,702,15781,2736,0,14176,13537,2738,10503,0,2259,21741,0,0,60269,1530,3660,3342,14145,1235,0,0,1258404,2325,37249,81529,264,275,0,5496,0,4928,0,1178,0,0,20166,345,48309,55121,15805,154,12467,46850,25515,399,0,17023,0,0,0,301,0,0,167617,1870,0,520,0,301,0,305,0,9802,28978,2583,158484,552,4972,0,0,0,55238
5710,1432,0,35,0,0,61437,2593,44,0,164,0,0,0,0,0,0,0,1106,5382,1328,9284,0,0,0,0,0,0,3912,69760,81509,2460,19427,4,0,24607,1141,420,677,3004,0,1369,0,0,0,0,0,641,0,0,72,0,0,0,0,0,113,0,0,0,0,405,128,0,92075,0,0,0,249,0,0,0,60,0,0,0,0,820,492,0,3250,0,10596,14986,0,0,0,6012,0,301,34381,8796,0,0,0,0,16980,0,439,0,0,0,5387,2731,91,12049,0,0,0,0,0,9
10,396,1288,6,90,109,40,43,4,9,0,20,6,11755,11018,10880,773,655,179669,96,28,35,33313,1166305,10519,471208,81541,933037,18,27,0,1291801,656303,79,11110,897384,1533227,2165,1260,3140,14140,6,3001647,46291,3072343,56196,1201,1436008,19491,5357825,61326,68993,9541,2250,530078,14284,4647262,1157120,21864,5003,3737,411,1398648,217147,1148954,20673,7364,6885,66525,5673,223624,131,21020,6339,1545,4500,2124,1015867,2412977,987750,48212,16397,48880,120,156,0,1185,6,10,0,13,76,1773,39,0,0,2580,76499,532931,1219758,3421564,103909,3874884,597712,15,24,15,451,20408,1119446,3909,7774
0,123,0,0,315,0,0,4,10,0,30,2,0,1152,36,0,0,0,70,194,0,35,155,5095,37,2051,304,4247,7,0,0,0,0,2281,1892,249,275,0,0,18,0,11,12315,164,11896,236,439,4426,67,23954,200,332,55,13,2309,0,1515,0,97,35,0,29,347,853,4628,215,97,87,762,59,3300,7,279,83,0,60,46,424,1240,4706,260,73,1755,0,53218,1277,210,0,15,0,0,100,0,0,0,0,165,376,872,10747,12291,430,3410,596,0,3,49,10,205,10822,0,115
0,0,5,0,99,0,0,0,0,0,0,0,0,45,0,0,0,3,0,588,146,7,0,1512,0,394,0,0,0,1,0,1722,2495,20,104,1727,4855,0,0,0,0,0,18088,300,18717,369,29,6840,88,36501,0,0,0,0,0,0,1948,0,0,0,0,9,1863,0,0,22,18,0,92,0,216,0,43,0,0,0,0,473,0,4625,343,132,196,0,452,0,0,0,3,0,0,0,0,0,0,0,0,641,2883,17350,19042,675,32630,6244,0,0,0,13,0,4138,0,23
96,123540,0,0,0,0,153204,3763,189,0,0,224,0,0,49,0,0,0,813,6291,6609,799,0,0,0,0,0,0,4099,0,65506,0,2355,0,0,1205,463,38,43,0,0,1989,1384,0,2103,0,0,153,0,247,486,0,0,0,0,0,117,0,0,0,0,432,0,0,0,33,17,0,892,0,22,0,174,0,0,0,0,577,493,0,0,0,0,0,73,0,0,216,0,0,0,0,0,0,0,0,0,0,0,0,119,0,0,4966,509,9574,0,4900,0,0,0,0
13,292,0,574,530,0,497,739,0,0,211,0,0,10,0,0,209,78,0,0,325,3012,0,0,0,0,0,0,47,106,194,0,0,21,0,0,0,0,100,29,109,0,0,0,0,183,0,0,0,0,160,0,0,15,0,100,0,0,0,8605,1203,0,0,311,0,0,19,28,64,0,43,18,27,14,0,0,54,24733,101,0,0,0,105,205,0,0,0,48,11,0,69,38,20,334,76,0,204,0,0,0,0,0,0,0,92,690,115,28,0,53,457,1712
97,2979,0,130,0,0,648,1182,966,0,2837,8834,0,0,0,0,344,464,660,451,3545,2439,617,5726,539,347,357,2274,218,317,360,5780,33305,146,0,38180,20614,781,1499,289,1357,2019,979,0,612,0,3329,2538,95,779,1016,0,0,0,20,0,85,11083,0,417,61,0,2396,1125,0,25,0,0,71,0,160,0,26,0,0,147,33,1038,821,1264,707,859,415,5966,655,0,564,204,82,0,0,0,37,0,0,0,596,0,25,0,0,0,197,290,51,293,463,0,0,1127,0,7051
1028,13281,244,788,15553,418,8285,14204,0,0,37644,2205,13,620,155,0,16712,7776,53310,7553,49610,8860,93,537,62,0,0,188,2746,8774,4577,6926,59926,0,0,38958,29835,138,5978,3709,3151,11069,7854,0,1476,6588,13362,25492,57,1409,17094,0,0,0,441,189,1872,21747,101,10078,1136,2212,20299,32327,90322,37,23,53,1282,11,1011,0,184,65,52,1097,0,17889,6992,10077,4804,9038,5417,86182,8612,0,9582,8037,1363,1325,7404,1606,808,244,607,51,11539,0,44,0,0,0,1863,3381,1102,15168,4005,343,0,1053,639,916
568,8896,359,0,27226,576,3288,42834,286,0,52255,28801,0,391,636,0,11042,8257,17872,28307,76851,20384,521,1114,0,14,0,231,1591,2945,949,14751,151594,78,0,35416,22207,1147,5386,1213,2772,8943,2215,0,2035,2675,18640,3644,0,1553,6766,0,0,0,177,1649,1207,6428,0,2988,0,1303,15528,12405,22298,123,0,82,911,0,263,0,162,46,259,1276,88,7199,2794,20394,6840,7894,9570,83230,8257,78,8949,2987,754,1474,4599,0,488,0,0,0,3552,0,110,0,0,0,3134,1885,2047,25221,3123,518,0,12982,0,3466
199,2741,0,0,8440,0,2286,2840,168,3,2720,948,6,152,50,0,806,510,7915,10476,2818,1480,22509,273593,16843,12267,5963,63374,194,762,236,3470,34181,0,0,46717,16088,74614,14143,524,0,50379,2139,0,10035,692,980,27464,0,4095,784,0,0,0,0,0,202,13384,0,332,0,0,2235,38274,10499,8,0,0,162,0,80,0,21,0,0,291,0,8638,8687,0,362,504,282,2147,433,0,645,310,59,1103,1190,244,129,0,0,0,5203,0,17,0,0,0,301,424,117,565,246,0,0,30120,0,2189
9019,117482,3255,14677,1069938,5305,29279,87916,617,0,583510,33691,302,6294,739,0,151159,98813,109631,59962,711570,100518,4099,2175,0,0,23,5722,73067,127687,21619,81223,124401,0,0,162887,193992,4424,97788,19973,43080,490297,89994,42,29539,100522,390852,96395,4547,17099,681194,0,0,0,16232,10158,12653,220576,4368,135995,12978,11532,277782,409409,479168,2308,800,3598,41465,0,6763,95,4968,1282,870,15116,387,75941,19213,344348,79071,118979,73424,924151,65658,774,70891,49672,11056,40986,44045,8894,8667,931,1901,0,18631,99,655,0,0,0,14039,65426,16702,180174,49872,476,0,5314,673,8384
9,45147,0,0,0,0,134,2120,0,0,0,0,0,0,0,0,0,0,217,172,578,0,0,987,61,48,26,261,0,0,54,0,0,0,0,255,387,252,154,0,0,214,0,0,0,0,0,204,0,0,0,0,0,0,0,0,11,0,0,472,0,106,0,0,0,0,0,0,0,0,0,0,0,0,0,0,0,501,143,0,0,0,0,0,0,0,0,0,0,0,0,0,0,0,0,0,0,0,0,0,0,0,44,21,0,0,0,0,0,148,0,241
11681,501968,0,3223,237500,0,246987,452771,1701,0,42989,128472,142,26677,0,0,1078082,21270,56120,120771,389862,52067,280,368,1786,19,277,1299,14341,27130,41579,27351,69029,0,0,64821,13206,841,59005,52660,1140,36794,26283,34,65657,95024,93027,81292,547,23175,60198,0,0,0,3520,1359,4596,56430,616,22373,2620,479342,7450,151479,778432,501,731,658,37301,678,11637,0,3763,924,216,5117,1157,154807,136529,24004,1882,51851,29471,14116,771057,4274,772534,23856,737,28778,318235,31301,10979,0,0,2277,468166,0,0,0,153,0,25047,38997,18302,284049,15388,43836,0,78959,47200,51792
3866,25459,1855,4694,251133,3121,12153,41325,118,0,282106,15567,98,2630,0,0,47008,38722,49157,25675,231368,28376,1525,1203,0,25,0,1909,31876,40343,8513,27497,59346,0,0,58350,85316,1629,42989,9304,20026,204102,36173,0,11940,32530,92493,40718,2010,7210,206103,0,0,3,7340,4585,5364,103972,2483,43450,4081,3431,127399,173308,163598,1165,334,1876,15853,0,1926,42,1878,531,384,5542,223,37914,6808,122880,51713,64307,33236,420075,41066,316,42967,17596,4437,13175,26208,4322,4281,0,0,0,8697,0,451,0,0,0,5770,32222,8203,70203,16752,0,0,1710,0,2512
14401,686621,0,840,52335,0,347502,1830918,52,101,12365,101476,0,624,62,0,17187,5815,23794,173625,1099473,2635769,123,171,50,0,0,791,1632,5188,18858,1461,86525,0,0,21225,14600,1364,58901,2852,422,30387,18438,0,37591,6300,20330,19479,328,17115,110755,0,0,0,990,1193,1766,37452,0,10533,1039,23724,2163,35854,213773,82,219,402,1167,0,557,0,120,1319,104,0,142,737887,281630,3848,600,4074,9884,0,16063,0,30181,1586,241,1335,29959,16193,5851,0,0,135,85867,0,49,0,12,0,10935,16614,22921,80314,5040,7699,0,3751,840,389257
2914,33250,0,0,10136,121,4562,98438,324,0,9059,14549,0,749,497,0,58332,4437,20569,96424,21966,34950,123,1437,0,55,0,513,6297,2615,1122,8527,78590,0,0,24626,12048,526,13124,1181,1222,23226,5186,3,5964,1323,1779,24203,98,1834,5639,0,0,0,487,401,31837,57167,532,0,320,3463,20941,88586,219286,18,30,80,5643,11,340,0,537,40,294,292,100,14862,9608,17478,5419,8979,8344,25174,7050,50,9464,1224,207,510,4684,577,562,0,52,41,3451,44,457,0,64,0,8312,2601,811,19290,1611,179,0,1389,429,577
1038,33125,0,209,26639,4738,21209,104283,8,0,6539,4213,0,316,110,0,4704,3060,1891,12105,60855,77594,0,0,0,0,0,296,283,1347,924,0,8004,6,0,2377,2285,82,3672,1061,1672,2365,1085,0,2395,0,6740,4778,0,1387,7377,0,0,0,98,86,209,0,0,837,255,2258,950,3422,20243,0,0,53,277,0,166,6,70,318,0,7643,0,43936,18306,0,516,1298,1341,4819,2138,0,12637,628,141,0,2925,1101,431,0,203,0,8629,0,0,0,9,0,765,1202,1990,9117,812,712,0,743,581,77232
11425,8865,134,10282,593,1941,184,6759,15479,20276,10683,25120,8473,5107,13294,7330,229,672,5196,1267,99,477,12349,3703,11730,8538,23561,3447,24423,842,0,0,0,772,7152,3986,1177,6058,11733,4512,1299,3896,4600,9976,26189,1168,201,16166,9917,7618,765,0,3845,1047,4234,0,4296,0,17049,7948,4704,650,2346,0,0,3196,2202,3713,2099,3119,2157,552,1355,1286,1134,1641,5765,29,11001,17462,6574,4497,21267,1778,25367,0,293,6639,10425,4793,6783,13643,22164,9869,17110,10495,10306,10330,4604,789,5499,6852,573,3079,16,477,1237,0,0,1760,3826,0
0,0,0,0,0,0,0,0,0,0,0,0,0,0,0,0,0,0,0,0,0,0,0,0,0,0,0,0,0,196,0,0,0,0,0,0,0,0,0,0,0,0,0,0,0,0,0,0,0,0,0,0,0,0,0,0,0,0,0,0,0,1730,0,0,0,0,0,0,25,0,0,0,0,0,0,1733,0,0,0,0,0,0,0,0,0,0,0,0,0,0,0,0,0,0,0,0,0,0,0,0,0,0,0,0,0,0,0,0,0,0,0,0
0,0,0,0,0,0,3,62,2695,3366,1706,1824,1492,423,1377,1950,83,42,914,215,29,81,627,875,2598,2081,932,796,103,0,0,994,0,98,1163,373,297,1335,1085,687,454,856,396,987,1226,145,32,591,913,464,273,850,1895,568,1457,377,472,0,2864,1860,620,127,195,0,0,0,0,0,0,0,0,0,0,0,1064,303,1410,0,0,0,0,78,0,0,2959,0,65,0,0,0,0,0,0,0,0,0,0,1314,631,174,430,920,40,690,0,0,0,0,0,585,637,0
325,57942,0,1063,0,0,28767,22500,340,0,74703,1621,4,2815,238,0,52328,141065,4713,7316,8237,14744,0,0,0,0,0,0,4933,213172,76911,2218,4855,30932,0,11740,726,82,1609,6978,16217,445,8792,83,1254,40772,83623,5460,0,2191,23939,0,0,383,331,374,58,1892,60,0,0,929886,159,0,16779,0,19,29,693,0,3896,0,61,91,0,35290,2994,3886,2728,0,0,7307,5005,43160,575,0,583,124,0,3801,13139,6716,1081,27684,161960,81,54061,15,51,0,226,0,966,1635,988,17711,17836,15163,0,517,6319,65850
14937,47437,0,0,671,0,674043,126129,1745,0,53817,17451,58,6248,686,0,167723,138652,54434,70848,279367,227848,6850,49926,5195,39959,7980,23143,12568,21336,435976,13155,19269,0,0,32757,28508,187,23774,5051,18471,13113,11873,556,24839,17910,168344,42964,220,6866,28388,0,77,927,943,874,2172,39532,440,0,16251,1190386,4412,16860,153885,534,146,690,10273,138,1039,16,1281,383,59,2252,11881,63967,17609,0,2490,12873,11128,52,2029,0,28730,10430,0,3910,31866,16544,2869,12847,16448,821,80916,0,330,0,81,0,7536,9600,3521,76383,3,4696,0,610,639,138594